{
	"Age": 82.0, 
	"Sex": 0.0, 
	"Race": 3.0, 
	"Plasma DNA concentration (ng/mL)": 4.518127300816913, 
	"score": 0.624624482257813, 
	"Mutant allele frequency (%)": 0.0313700886205003, 
	" Mutant fragments/mL plasma": 0.4365408857820114, 
	"AFP (pg/ml)": 4699.57, 
	"Angiopoietin-2 (pg/ml)": 4887.5, 
	"AXL (pg/ml)": 4748.93, 
	"CA-125 (U/ml)": 4.77, 
	"CA 15-3 (U/ml)": 19.16, 
	"CA19-9 (U/ml)": 22.76, 
	"CD44 (ng/ml)": 26.66, 
	"CEA (pg/ml)": 2965.77, 
	"CYFRA 21-1 (pg/ml)": 6202.71, 
	"DKK1 (ng/ml)": 1.0, 
	"Endoglin (pg/ml)": 1878.02, 
	"FGF2 (pg/ml)": 126.31, 
	"Follistatin (pg/ml)": 1945.45, 
	"Galectin-3 (ng/ml)": 4.54, 
	"G-CSF (pg/ml)": 109.3, 
	"GDF15 (ng/ml)": 3.57, 
	"HE4 (pg/ml)": 3743.16, 
	"HGF (pg/ml)": 164.7, 
	"IL-6 (pg/ml)": 15.57, 
	"IL-8 (pg/ml)": 30.47, 
	"Kallikrein-6 (pg/ml)": 6170.79, 
	"Leptin (pg/ml)": 18783.84, 
	"Mesothelin (ng/ml)": 40.59, 
	"Midkine (pg/ml)": 381.38, 
	"Myeloperoxidase (ng/ml)": 10.63, 
	"NSE (ng/ml)": 10.14, 
	"OPG (ng/ml)": 0.9, 
	"OPN (pg/ml)": 80223.13, 
	"PAR (pg/ml)": 17414.05, 
	"Prolactin (pg/ml)": 23655.26, 
	"sEGFR (pg/ml)": 2366.03, 
	"sFas (pg/ml)": 202.158, 
	"SHBG (nM)": 144.7, 
	"sHER2/sEGFR2/sErbB2 (pg/ml)": 7249.49, 
	"sPECAM-1 (pg/ml)": 6732.74, 
	"TGFa (pg/ml)": 16.104, 
	"Thrombospondin-2 (pg/ml)": 6772.98, 
	"TIMP-1 (pg/ml)": 123349.14, 
	"TIMP-2 (pg/ml)": 65989.51}