{
	"Age": 77.7741273101,

	"Sex": 1.0,

	"Race": 3.0,

	"Plasma DNA concentration (ng\/mL)": 2.9354676752,

	"score": 1.7880862027,

	"Mutant allele frequency (%)": 0.0606305578,

	"Mutant fragments\/mL plasma": 0.5481754511,

	"AFP (pg\/ml)": 772.64,

	"Angiopoietin-2 (pg\/ml)": 2371.75,

	"AXL (pg\/ml)": 4878.84,

	"CA-125 (U\/ml)": 6.02,

	"CA 15-3 (U\/ml)": 6.25,

	"CA19-9 (U\/ml)": 45.91,

	"CD44 (ng\/ml)": 17.2,

	"CEA (pg\/ml)": 2038.81,

	"CYFRA 21-1 (pg\/ml)": 2129.61,

	"DKK1 (ng\/ml)": 0.69,

	"Endoglin (pg\/ml)": 1931.79,

	"FGF2 (pg\/ml)": 99.02,

	"Follistatin (pg\/ml)": 1291.93,

	"Galectin-3 (ng\/ml)": 14.62,

	"G-CSF (pg\/ml)": 131.46,

	"GDF15 (ng\/ml)": 0.44,

	"HE4 (pg\/ml)": 3857.712,

	"HGF (pg\/ml)": 358.09,

	"IL-6 (pg\/ml)": 11.316,

	"IL-8 (pg\/ml)": 10.88,

	"Kallikrein-6 (pg\/ml)": 5754.98,

	"Leptin (pg\/ml)": 126964.73,

	"Mesothelin (ng\/ml)": 32.38,

	"Midkine (pg\/ml)": 295.14,

	"Myeloperoxidase (ng\/ml)": 15.44,

	"NSE (ng\/ml)": 10.87,

	"OPG (ng\/ml)": 0.33,

	"OPN (pg\/ml)": 49915.81,

	"PAR (pg\/ml)": 10755.72,

	"Prolactin (pg\/ml)": 26147.85,

	"sEGFR (pg\/ml)": 1899.59,

	"sFas (pg\/ml)": 204.792,

	"SHBG (nM)": 125.95,

	"sHER2\/sEGFR2\/sErbB2 (pg\/ml)": 3477.67,

	"sPECAM-1 (pg\/ml)": 4980.39,

	"TGFa (pg\/ml)": 16.086,

	"Thrombospondin-2 (pg\/ml)": 9633.14,

	"TIMP-1 (pg\/ml)": 22641.94,
	
	"TIMP-2 (pg\/ml)": 21701.45
}