{"Age": 23.0, "Sex": 0.0, "Race": 1.0, "Plasma DNA concentration (ng/mL)": 1.983038456503569, " score": 0.618167877865404, "Mutant allele frequency (%)": 0.0505561172901921, " Mutant fragments/mL plasma": 0.3087845523777043, "AFP (pg/ml)": 790.476, "Angiopoietin-2 (pg/ml)": 1355.24, "AXL (pg/ml)": 4256.2, "CA-125 (U/ml)": 5.97, "CA 15-3 (U/ml)": 5.32, "CA19-9 (U/ml)": 15.816, "CD44 (ng/ml)": 15.72, "CEA (pg/ml)": 881.81, "CYFRA 21-1 (pg/ml)": 1925.91, "DKK1 (ng/ml)": 0.81, "Endoglin (pg/ml)": 1708.0, "FGF2 (pg/ml)": 141.28, "Follistatin (pg/ml)": 598.93, "Galectin-3 (ng/ml)": 5.47, "G-CSF (pg/ml)": 109.47, "GDF15 (ng/ml)": 0.57, "HE4 (pg/ml)": 3864.738, "HGF (pg/ml)": 162.366, "IL-6 (pg/ml)": 3.546, "IL-8 (pg/ml)": 7.86, "Kallikrein-6 (pg/ml)": 7978.89, "Leptin (pg/ml)": 52845.75, "Mesothelin (ng/ml)": 23.0, "Midkine (pg/ml)": 271.31, "Myeloperoxidase (ng/ml)": 3.34, "NSE (ng/ml)": 4.4, "OPG (ng/ml)": 0.29, "OPN (pg/ml)": 24930.47, "PAR (pg/ml)": 3281.28, "Prolactin (pg/ml)": 25218.65, "sEGFR (pg/ml)": 1090.53, "sFas (pg/ml)": 1168.67, "SHBG (nM)": 41.45, "sHER2/sEGFR2/sErbB2 (pg/ml)": 5078.49, "sPECAM-1 (pg/ml)": 7181.76, "TGFa (pg/ml)": 15.9, "Thrombospondin-2 (pg/ml)": 2427.865, "TIMP-1 (pg/ml)": 37503.23, "TIMP-2 (pg/ml)": 28709.49}