{"Age": 35.0, "Sex": 1.0, "Race": 0.0, "Plasma DNA concentration (ng/mL)": 16.33030003639956, " score": 1.39144629202466, "Mutant allele frequency (%)": 0.0262800578161272, " Mutant fragments/mL plasma": 1.321816585662756, "AFP (pg/ml)": 1008.708, "Angiopoietin-2 (pg/ml)": 1253.63, "AXL (pg/ml)": 1525.68, "CA-125 (U/ml)": 24.07, "CA 15-3 (U/ml)": 12.64, "CA19-9 (U/ml)": 17.49, "CD44 (ng/ml)": 9.06, "CEA (pg/ml)": 576.72, "CYFRA 21-1 (pg/ml)": 2084.25, "DKK1 (ng/ml)": 1.07, "Endoglin (pg/ml)": 1008.95, "FGF2 (pg/ml)": 92.268, "Follistatin (pg/ml)": 1091.09, "Galectin-3 (ng/ml)": 7.01, "G-CSF (pg/ml)": 107.4, "GDF15 (ng/ml)": 1.45, "HE4 (pg/ml)": 4209.156, "HGF (pg/ml)": 575.88, "IL-6 (pg/ml)": 97.88, "IL-8 (pg/ml)": 27.42, "Kallikrein-6 (pg/ml)": 1512.16, "Leptin (pg/ml)": 2230.49, "Mesothelin (ng/ml)": 12.44, "Midkine (pg/ml)": 197.48, "Myeloperoxidase (ng/ml)": 104.76, "NSE (ng/ml)": 6.92, "OPG (ng/ml)": 0.61, "OPN (pg/ml)": 131530.6, "PAR (pg/ml)": 6147.37, "Prolactin (pg/ml)": 4749.65, "sEGFR (pg/ml)": 877.95, "sFas (pg/ml)": 1291.17, "SHBG (nM)": 63.7, "sHER2/sEGFR2/sErbB2 (pg/ml)": 2718.74, "sPECAM-1 (pg/ml)": 3651.89, "TGFa (pg/ml)": 16.77, "Thrombospondin-2 (pg/ml)": 16847.76, "TIMP-1 (pg/ml)": 121601.51, "TIMP-2 (pg/ml)": 25811.53}